{"location": [2.766500182304526, -4.154912626857026, 1.1548714188887603], "rotation": [1.4414937253298683, -1.6391206170141004e-09, 0.43676184391515765], "fov_x": 1.0471975511965976, "fov_y": 0.8172757101951849, "height": 768, "width": 1024}