{"location": [3.749245503333058, -1.9152271006481374, -0.017316775005044957], "rotation": [1.626157808592697, -0.06863310593202798, 0.11093377096168154], "fov_x": 1.0471975511965976, "fov_y": 0.8172757101951849, "height": 768, "width": 1024}