{"location": [-6.28607529894839, -6.712199557001895, 0.9972314230226401], "rotation": [1.5359085379574067, 1.5765166949677223e-12, -0.020791780501628755], "fov_x": 1.0471975511965976, "fov_y": 0.8172757101951849, "height": 768, "width": 1024}