{"location": [2.021877795421181, -2.3566464153704096, 0.9192364864162226], "rotation": [1.460167426615413, -0.050916508270641536, -0.7354329075833886], "fov_x": 1.0471975511965976, "fov_y": 0.8172757101951849, "height": 768, "width": 1024}